AAAAA	0.003391316100314372
AAAAC	0.001967724676890891
AAAAG	0.001586335569632502
AAAAT	0.002990973497895522
AAACA	0.002026184613440667
AAACC	0.0010565174032272123
AAACG	0.0004408886870026207
AAACT	0.0022269157225240296
AAAGA	0.0015479487439910623
AAAGC	0.0008158000174340167
AAAGG	0.0005754824944079192
AAAGT	0.0015709808393759262
AAATA	0.0023058486327492403
AAATC	0.001689180273330193
AAATG	0.002010190102756734
AAATT	0.003172991029478683
AACAA	0.0017418022134803336
AACAC	0.0008218779314939112
AACAG	0.0010212495071691395
AACAT	0.0019227001293156188
AACCA	0.0010305263233658208
AACCC	0.00039114575877558823
AACCG	0.0002993372674498112
AACCT	0.0009615899823180685
AACGA	0.0003560378078243547
AACGC	0.00017681931561088233
AACGG	0.00017681931561088233
AACGT	0.0004575229781139113
AACTA	0.0014707752299410843
AACTC	0.0011148173946701491
AACTG	0.0011115385199799428
AACTT	0.0024913849566828663
AAGAA	0.0017725116739934854
AAGAC	0.00061602857899169
AAGAG	0.0007994856165364047
AAGAT	0.0015565058072069665
AAGCA	0.0008526673645604828
AAGCC	0.00036915330658518
AAGCG	0.0001524276868178841
AAGCT	0.0012215007809319842
AAGGA	0.0005968351661709701
AAGGC	0.0002875013295437006
AAGGG	0.00026694838331484637
AAGGT	0.00054413325346741
AAGTA	0.0012895574238921202
AAGTC	0.0008437104385774802
AAGTG	0.0009040897164093283
AAGTT	0.002348873866489021
AATAA	0.0019953951803740955
AATAC	0.0009930191958119974
AATAG	0.0010515591049151932
AATAT	0.002793121400735268
AATCA	0.0017056546193346444
AATCC	0.0007733345915681738
AATCG	0.0003960240845341879
AATCT	0.002412372073904236
AATGA	0.0017410824604995566
AATGC	0.000995018509647489
AATGG	0.0009516733856940298
AATGT	0.0022906538475995037
AATTA	0.002176053178549122
AATTC	0.0015943328249744687
AATTG	0.0019297377140165496
AATTT	0.00407740063610169
ACAAA	0.0016767845275501448
ACAAC	0.0007391863112579763
ACAAG	0.0007722949483737182
ACAAT	0.001407516940186128
ACACA	0.001005814804359144
ACACC	0.0003249284845441045
ACACG	0.00018353701009813433
ACACT	0.0009199242819864223
ACAGA	0.0006319431171222037
ACAGC	0.0002478349430475461
ACAGG	0.000175459782202748
ACAGT	0.000655375075274166
ACATA	0.0014836508110416505
ACATC	0.0008441902738979982
ACATG	0.0012062260232288278
ACATT	0.0022111611295003554
ACCAA	0.0009414368988563125
ACCAC	0.00037914987576263826
ACCAG	0.00039802339836967954
ACCAT	0.0009664683080766681
ACCCA	0.00031517183302690515
ACCCC	0.00014355073338830114
ACCCG	9.620698176385864e-05
ACCCT	0.0004289727765430904
ACCGA	0.00020416992888040825
ACCGC	9.828626815276997e-05
ACCGG	0.00012739627759752854
ACCGT	0.0002430365898423661
ACCTA	0.0005573287247816549
ACCTC	0.0004825543873342669
ACCTG	0.00047567674774017557
ACCTT	0.0011669594994997716
ACGAA	0.00033492505372156276
ACGAC	0.00014594990999089113
ACGAG	0.00018601615925414397
ACGAT	0.0003318061241381958
ACGCA	0.00020912822719242757
ACGCC	7.525417276790606e-05
ACGCG	3.9746359049574186e-05
ACGCT	0.00020153083461755926
ACGGA	0.00015354730256575942
ACGGC	7.437447468028972e-05
ACGGG	6.885636849433275e-05
ACGGT	0.0002002512737628446
ACGTA	0.0003548382195230597
ACGTC	0.0001892950339443503
ACGTG	0.00024559571155179544
ACGTT	0.0006107503904659921
ACTAA	0.0014757335282531035
ACTAC	0.0006011536840556321
ACTAG	0.000732308671663885
ACTAT	0.0013480173604418963
ACTCA	0.0009783042459827788
ACTCC	0.00039106578622216854
ACTCG	0.00028422245485349427
ACTCT	0.001544669869300856
ACTGA	0.0011248139638476075
ACTGC	0.0005185420363731167
ACTGG	0.0004634409470669666
ACTGT	0.001181274586561892
ACTTA	0.0016145658809896444
ACTTC	0.0012155828119789287
ACTTG	0.0016591105932443986
ACTTT	0.002936912051783828
AGAAA	0.0018232942454149735
AGAAC	0.0007456640880849693
AGAAG	0.0008525873920070631
AGAAT	0.0013852045977820412
AGACA	0.0006368214428808033
AGACC	0.00028998047869971025
AGACG	0.00014770930616612378
AGACT	0.0007746141524228885
AGAGA	0.0009275216745612906
AGAGC	0.00034100296778145743
AGAGG	0.0003167712840952985
AGAGT	0.0008275559827867076
AGATA	0.0012018275327907461
AGATC	0.0006952014068771598
AGATG	0.0008923337510566374
AGATT	0.0018499251057037226
AGCAA	0.0007130352862897454
AGCAC	0.00027054714821873134
AGCAG	0.00043193176101961807
AGCAT	0.0008386721677120412
AGCCA	0.000364115035719741
AGCCC	0.00012211808907183056
AGCCG	8.06123338470237e-05
AGCCT	0.0004390493182739684
AGCGA	0.00013283441123006584
AGCGC	5.2781885256979804e-05
AGCGG	6.797667040671642e-05
AGCGT	0.00017601959007668567
AGCTA	0.0008196386999981606
AGCTC	0.0005675652116193722
AGCTG	0.0005997941506474978
AGCTT	0.0014433446441181387
AGGAA	0.0006741686253277875
AGGAC	0.00022600243596397715
AGGAG	0.00030165647149898154
AGGAT	0.000611949978767287
AGGCA	0.00028318281165903863
AGGCC	0.00013347419165742318
AGGCG	7.18153529708604e-05
AGGCT	0.0004138579639467735
AGGGA	0.00027222657184054435
AGGGC	0.00010292467625111062
AGGGG	0.00011492055926406058
AGGGT	0.0003074144953451975
AGGTA	0.0003122928211037972
AGGTC	0.0002735861052486787
AGGTG	0.0002974978987211589
AGGTT	0.000834673540041058
AGTAA	0.0011977489325663432
AGTAC	0.0005101449182640517
AGTAG	0.0007381466680635206
AGTAT	0.0013223461707941833
AGTCA	0.0007679764304890562
AGTCC	0.000355477999950417
AGTCG	0.00019201410076061896
AGTCT	0.0011559232871278576
AGTGA	0.0009123268894115539
AGTGC	0.0003439619522579851
AGTGG	0.00044328786360521067
AGTGT	0.0010765105415821291
AGTTA	0.0015237170603049034
AGTTC	0.001090185848216892
AGTTG	0.001250530817823323
AGTTT	0.003256722292909074
ATAAA	0.002179412025792748
ATAAC	0.0012300578441478884
ATAAG	0.0010713123256098508
ATAAT	0.002351672905858709
ATACA	0.001399679629951001
ATACC	0.0005502911400807243
ATACG	0.00029038034146680857
ATACT	0.0014933274900054301
ATAGA	0.0011556833694675987
ATAGC	0.0005647661722496839
ATAGG	0.00042369458801739244
ATAGT	0.0013104302603346532
ATATA	0.0034950405020996796
ATATC	0.0017284467970592494
ATATG	0.0022501877355691527
ATATT	0.003573253659344113
ATCAA	0.0016650285621974538
ATCAC	0.0008503481605113125
ATCAG	0.0009324799728733099
ATCAT	0.002137906270567941
ATCCA	0.0008542668156288762
ATCCC	0.00036707402019626865
ATCCG	0.00021880490615620719
ATCCT	0.0010330054725218305
ATCGA	0.00041745672885065845
ATCGC	0.00017713920582456102
ATCGG	0.000180977888388705
ATCGT	0.0004915113133172695
ATCTA	0.0015621838584997628
ATCTC	0.0015767388632221423
ATCTG	0.0014151943053144162
ATCTT	0.003298867828561238
ATGAA	0.001990756772275755
ATGAC	0.0008054835580428797
ATGAG	0.0008781786091013564
ATGAT	0.0024537178840222038
ATGCA	0.001480451908904864
ATGCC	0.00042249499971609743
ATGCG	0.0002323202676841308
ATGCT	0.0014094362814682001
ATGGA	0.000977744438108841
ATGGC	0.0004840738658492405
ATGGG	0.0003971437002820632
ATGGT	0.0013259449356980684
ATGTA	0.0018227344375410359
ATGTC	0.0011381693802686918
ATGTG	0.001689180273330193
ATGTT	0.003618598097133064
ATTAA	0.0020846445499904435
ATTAC	0.0012790010468407243
ATTAG	0.0014038382027288234
ATTAT	0.002911480779796374
ATTCA	0.0019385346948927128
ATTCC	0.0009040897164093283
ATTCG	0.0004843937560629192
ATTCT	0.00276145226958108
ATTGA	0.002091922052351633
ATTGC	0.0011814345316687313
ATTGG	0.0011494455103008647
ATTGT	0.002765450897252063
ATTTA	0.0029729796733760972
ATTTC	0.0028267898457249472
ATTTG	0.0033404535563394643
ATTTT	0.006197233109596786
CAAAA	0.0019315770827452018
CAAAC	0.0009938988938996136
CAAAG	0.0008516277213660272
CAAAT	0.0018065799817502633
CAACA	0.0009159256543154389
CAACC	0.0003800295738502546
CAACG	0.00019041464969222563
CAACT	0.001017810687372094
CAAGA	0.0008311547476905926
CAAGC	0.00039890309645729586
CAAGG	0.00028878089039841525
CAAGT	0.0009758250968267691
CAATA	0.001175036727395158
CAATC	0.0009002510338451844
CAATG	0.0010604360583447762
CAATT	0.0016771843903172431
CACAA	0.0008693016556717734
CACAC	0.0005200615148880904
CACAG	0.0005430936102729544
CACAT	0.0010737914747658605
CACCA	0.0004755967751867559
CACCC	0.0001626641736556014
CACCG	0.00010556377051395961
CACCT	0.00045432407597712464
CACGA	0.00016226431088850306
CACGC	9.324799728733099e-05
CACGG	8.7489973441115e-05
CACGT	0.00022984111852812115
CACTA	0.0007191931729030596
CACTC	0.0005606875720252809
CACTG	0.000605952037260812
CACTT	0.0013074712758581256
CAGAA	0.0007481432372409789
CAGAC	0.00026950750502427565
CAGAG	0.0004024218888077612
CAGAT	0.0006836853591847278
CAGCA	0.00032380886879622916
CAGCC	0.00014515018445669447
CAGCG	7.093565488324407e-05
CAGCT	0.0005052665925054521
CAGGA	0.00024623549197915276
CAGGC	0.00012123839098421422
CAGGG	0.00011468064160380157
CAGGT	0.00023415963641278313
CAGTA	0.0005636465565018086
CAGTC	0.0003765907540532089
CAGTG	0.0004468866285090957
CAGTT	0.0011382493528221114
CATAA	0.0013144288880056366
CATAC	0.0007025588817917691
CATAG	0.0007464638136191659
CATAT	0.002082565263601532
CATCA	0.0011579226009633494
CATCC	0.0004339310748551097
CATCG	0.00024263672707526776
CATCT	0.0015477088263308033
CATGA	0.0011515247966897761
CATGC	0.000656334745915202
CATGG	0.0006055521744937137
CATGT	0.0016040894764916681
CATTA	0.0015263561545677522
CATTC	0.0012329368560709964
CATTG	0.0015349132177836567
CATTT	0.003368523922589767
CCAAA	0.0010217293424896576
CCAAC	0.00042313478014345475
CCAAG	0.00040434123008983316
CCAAT	0.0007894890473589464
CCACA	0.0004584826487549473
CCACC	0.00021912479636988585
CCACG	9.196843643261632e-05
CCACT	0.0005121442320995434
CCAGA	0.00029645825552670324
CCAGC	0.00015482686342047409
CCAGG	0.00010628352349473661
CCAGT	0.00037291201659590427
CCATA	0.0007270304831381869
CCATC	0.0005425338023990167
CCATG	0.0006094708296112774
CCATT	0.0012749224466163213
CCCAA	0.0003763508363929499
CCCAC	0.00018921506139093063
CCCAG	0.0001517079338371071
CCCAT	0.0004185763445985338
CCCCA	0.00018641602202124232
CCCCC	0.00010420423710582528
CCCCG	4.318517884661984e-05
CCCCT	0.00025167362561169006
CCCGA	8.908942450950834e-05
CCCGC	4.766364183812116e-05
CCCGG	5.022276354755048e-05
CCCGT	0.00010916253541784459
CCCTA	0.0003125327387640562
CCCTC	0.00031333246429825283
CCCTG	0.00027126690119950834
CCCTT	0.0007187133375825416
CCGAA	0.00018633604946782263
CCGAC	7.685362383629938e-05
CCGAG	0.00011412083372986391
CCGAT	0.00019441327736320895
CCGCA	0.00012307775971286654
CCGCC	5.1502324402265144e-05
CCGCG	2.4391628792998244e-05
CCGCT	0.00012115841843079455
CCGGA	0.00010212495071691395
CCGGC	4.37449867205575e-05
CCGGG	4.750369673128182e-05
CCGGT	0.00016210436578166374
CCGTA	0.00017018159367705003
CCGTC	0.00011572028479825724
CCGTG	0.00013835251741602282
CCGTT	0.0003417227207622344
CCTAA	0.0006873640966420325
CCTAC	0.00030805427577255485
CCTAG	0.00034084302267461806
CCTAT	0.0006626525776353556
CCTCA	0.0005490915517794293
CCTCC	0.00030141655383872254
CCTCG	0.00014778927871954346
CCTCT	0.000998377356891115
CCTGA	0.0005477320183712949
CCTGC	0.0003183707351636918
CCTGG	0.00023264015789780946
CCTGT	0.0006076314608826251
CCTTA	0.0009335196160677655
CCTTC	0.0007678164853822168
CCTTG	0.0008657028907678885
CCTTT	0.0019779611637286082
CGAAA	0.0004273733254746971
CGAAC	0.0001633839266363784
CGAAG	0.00016946184069627305
CGAAT	0.000369393224245439
CGACA	0.00016938186814285336
CGACC	8.645033024665935e-05
CGACG	4.8143477158639155e-05
CGACT	0.00019993138354916593
CGAGA	0.00020273042291885424
CGAGC	0.00010604360583447761
CGAGG	8.725005578085602e-05
CGAGT	0.00024567568410521507
CGATA	0.00031397224472561015
CGATC	0.0002040099837735689
CGATG	0.00025751162201132573
CGATT	0.0004968694743963871
CGCAA	0.0001724208251728007
CGCAC	8.021247107992536e-05
CGCAG	0.00020321025823937224
CGCAT	0.00020792863889113256
CGCCA	0.00010332453901820895
CGCCC	2.998970753237489e-05
CGCCG	2.5831134754552237e-05
CGCCT	0.00011779957118716857
CGCGA	3.5987649038849866e-05
CGCGC	1.935335792755926e-05
CGCGG	2.7270640716106233e-05
CGCGT	4.806350460521949e-05
CGCTA	0.00015586650661492975
CGCTC	0.00012091850077053555
CGCTG	0.0001343538897450395
CGCTT	0.0003130125740845742
CGGAA	0.00018129777860238365
CGGAC	6.0299305278428445e-05
CGGAG	8.021247107992536e-05
CGGAT	0.0002159258942330992
CGGCA	7.341480403925373e-05
CGGCC	3.750712755382353e-05
CGGCG	2.599107986139157e-05
CGGCT	0.00012203811651841089
CGGGA	7.141549020376207e-05
CGGGC	3.1829076261027214e-05
CGGGG	4.262537097268218e-05
CGGGT	0.00011620012011877524
CGGTA	0.00014874894936057944
CGGTC	9.972577411432396e-05
CGGTG	0.00013931218805705883
CGGTT	0.0004581627585412686
CGTAA	0.0003294069475356058
CGTAC	0.00017226088006596136
CGTAG	0.00022136402786563652
CGTAT	0.00041057908925656714
CGTCA	0.00020936814485268655
CGTCC	0.00011851932416794556
CGTCG	6.797667040671642e-05
CGTCT	0.00036667415742917033
CGTGA	0.0002473551077270281
CGTGC	0.0001298754267535382
CGTGG	0.0001472294708456058
CGTGT	0.000351879235046532
CGTTA	0.00043057222761148375
CGTTC	0.0002997371302169096
CGTTG	0.0004096993911689508
CGTTT	0.0010865071107595873
CTAAA	0.0015537067678372783
CTAAC	0.000893613311911352
CTAAG	0.0006814461276889772
CTAAT	0.001707653933170136
CTACA	0.0007640577753714926
CTACC	0.00032324906092229147
CTACG	0.00016426362472399473
CTACT	0.0010318058842205356
CTAGA	0.0006967208853921334
CTAGC	0.0003881867742990606
CTAGG	0.0002970180634006409
CTAGT	0.000903210018321712
CTATA	0.0013688102243310095
CTATC	0.0008698614635457111
CTATG	0.0010354046491244204
CTATT	0.0017786695606067998
CTCAA	0.0011408884470849605
CTCAC	0.0006339424309576953
CTCAG	0.0006806464021547804
CTCAT	0.0015124409302727305
CTCCA	0.0006225863283721027
CTCCC	0.00029733795361431957
CTCCG	0.00012619668929623353
CTCCT	0.000810441856354899
CTCGA	0.00029022039635996926
CTCGC	0.00015794579300384108
CTCGG	0.00016058488726669007
CTCGT	0.00042273491737635643
CTCTA	0.001282919701958288
CTCTC	0.001552347234429144
CTCTG	0.0013592135179206497
CTCTT	0.0028329477323382614
CTGAA	0.001342819144469618
CTGAC	0.0005574886698884943
CTGAG	0.0006057920921539728
CTGAT	0.0015984114251988717
CTGCA	0.0009229632390163696
CTGCC	0.0002659087401203907
CTGCG	0.00014323084317462246
CTGCT	0.0009448757186533581
CTGGA	0.0005093451927298551
CTGGC	0.00027222657184054435
CTGGG	0.0001952130028974056
CTGGT	0.0007714152502861019
CTGTA	0.001005095051378367
CTGTC	0.0006959211598579367
CTGTG	0.0009074485636529543
CTGTT	0.0022788179096933934
CTTAA	0.0018556031569965188
CTTAC	0.0011936703323419402
CTTAG	0.001027887229102972
CTTAT	0.002489305670293955
CTTCA	0.001599531040946747
CTTCC	0.0008753795697316681
CTTCG	0.00035251901547388935
CTTCT	0.0028707747501057635
CTTGA	0.0017889860199979367
CTTGC	0.0010519589676822915
CTTGG	0.0009435961577986435
CTTGT	0.0025647197881687005
CTTTA	0.0023870207744702016
CTTTC	0.002481228442398569
CTTTG	0.0026148625791628313
CTTTT	0.005298501554266576
GAAAA	0.001856242937423876
GAAAC	0.0011859929672136523
GAAAG	0.0008876953429582967
GAAAT	0.0017378035858093503
GAACA	0.0008464295053937489
GAACC	0.00044904588745142666
GAACG	0.00016106472258720807
GAACT	0.0009739057555446971
GAAGA	0.0008483488466758209
GAAGC	0.00046080185280411763
GAAGG	0.0002867815765629236
GAAGT	0.0008425108502761852
GAATA	0.0011490456475337664
GAATC	0.001071952106037208
GAATG	0.0010183704952460315
GAATT	0.001748439935414166
GACAA	0.0006472978473787796
GACAC	0.0003417227207622344
GACAG	0.0004232947252502941
GACAT	0.0008488286819963389
GACCA	0.0004018620809338235
GACCC	0.00014091163912545215
GACCG	8.709011067401667e-05
GACCT	0.00038706715855118526
GACGA	0.0001712212368715057
GACGC	7.981260831282703e-05
GACGG	7.20552706311194e-05
GACGT	0.00018457665329259
GACTA	0.0006103505276988938
GACTC	0.0004718380651760316
GACTG	0.00047527688497307725
GACTT	0.0010913854365181869
GAGAA	0.0009326399179801492
GAGAC	0.00039818334347651885
GAGAG	0.0004769563085948902
GAGAT	0.0009416768165165715
GAGCA	0.00039194548430978486
GAGCC	0.00016874208771549605
GAGCG	6.509765848360842e-05
GAGCT	0.0005654059526770413
GAGGA	0.000368673471264662
GAGGC	0.00017322055070699736
GAGGG	0.0001467496355250878
GAGGT	0.00033300571243949074
GAGTA	0.0006648118365776865
GAGTC	0.000451365091500597
GAGTG	0.00048623312479157153
GAGTT	0.0013278642769801404
GATAA	0.0011628808992753686
GATAC	0.0006583340597506935
GATAG	0.0006849649200394425
GATAT	0.0017309259462152588
GATCA	0.0009575113820936655
GATCC	0.0004336111846414311
GATCG	0.00020896828208558823
GATCT	0.0012054262976946312
GATGA	0.0011923107989338059
GATGC	0.0006137093749425197
GATGG	0.0005478119909247146
GATGT	0.001248131641220733
GATTA	0.0014493425856246136
GATTC	0.0013199469941915934
GATTG	0.0013544951372688892
GATTT	0.0029058027285035776
GCAAA	0.0008149203193464004
GCAAC	0.00040322161434195783
GCAAG	0.0004336111846414311
GCAAT	0.0007467037312794249
GCACA	0.00036747388296336697
GCACC	0.00016418365217057507
GCACG	7.429450212687006e-05
GCACT	0.00037291201659590427
GCAGA	0.00035307882334782703
GCAGC	0.00020137088951071991
GCAGG	0.00012035869289659789
GCAGT	0.0003772305344805663
GCATA	0.0007676565402753775
GCATC	0.0005406944336703644
GCATG	0.0006232261087994601
GCATT	0.001181994339542669
GCCAA	0.00037339185191642227
GCCAC	0.0001947331675768876
GCCAG	0.00016986170346337137
GCCAT	0.00043625027890428005
GCCCA	0.0001191591045953029
GCCCC	6.533757614386742e-05
GCCCG	3.118929583366989e-05
GCCCT	0.000177858958805338
GCCGA	6.837653317381475e-05
GCCGC	4.406487693423617e-05
GCCGG	3.678737457304653e-05
GCCGT	9.84462132596093e-05
GCCTA	0.00030901394641359085
GCCTC	0.0002853420706013696
GCCTG	0.00023559914237433714
GCCTT	0.0006470579297185206
GCGAA	0.0001398719959309965
GCGAC	7.253510595163739e-05
GCGAG	9.244827175313433e-05
GCGAT	0.00015658625959570676
GCGCA	8.429107130432835e-05
GCGCC	3.350849988284021e-05
GCGCG	1.7114126431808605e-05
GCGCT	8.629038513982001e-05
GCGGA	8.01324985265057e-05
GCGGC	4.350506906029851e-05
GCGGG	4.0466112030351184e-05
GCGGT	0.0001196389399158209
GCGTA	0.00016018502449959175
GCGTC	0.00011036212371913959
GCGTG	0.00012267789694576822
GCGTT	0.0003112531779093415
GCTAA	0.0008442702464514179
GCTAC	0.0004070602969061018
GCTAG	0.00041745672885065845
GCTAT	0.000812361197636971
GCTCA	0.000550850947954662
GCTCC	0.00024479598601759875
GCTCG	0.0001403518312515145
GCTCT	0.0008752995971782484
GCTGA	0.000641939686299662
GCTGC	0.0003766707266066286
GCTGG	0.00025815140243868305
GCTGT	0.0006487373533403336
GCTTA	0.001092345107159223
GCTTC	0.0009567116565594687
GCTTG	0.000908968042167928
GCTTT	0.001986438254391093
GGAAA	0.0008666625614089245
GGAAC	0.00039986276709833186
GGAAG	0.0004035415045556365
GGAAT	0.0007482232097943986
GGACA	0.00030349584022763387
GGACC	0.00014786925127296312
GGACG	7.341480403925373e-05
GGACT	0.00034780063482212905
GGAGA	0.0003881867742990606
GGAGC	0.00016282411876244074
GGAGG	0.0001648234325979324
GGAGT	0.00035371860377518435
GGATA	0.0006005139036282747
GGATC	0.0004192161250258911
GGATG	0.0004703185866610579
GGATT	0.0010584367445092844
GGCAA	0.0002861417961355663
GGCAC	0.0001401119135912555
GGCAG	0.00032148966474705883
GGCAT	0.0003978634532628402
GGCCA	0.00016514332281161105
GGCCC	5.957955229765145e-05
GGCCG	3.726720989356453e-05
GGCCT	0.00021680559232071554
GGCGA	7.541411787474539e-05
GGCGC	3.342852732942054e-05
GGCGG	4.894320269283582e-05
GGCGT	0.00010100533496903863
GGCTA	0.000356437670591453
GGCTC	0.0002599107986139157
GGCTG	0.00028190325080432394
GGCTT	0.0007039184151999034
GGGAA	0.00037131256552751094
GGGAC	0.00013883235273654082
GGGAG	0.0001562663693820281
GGGAT	0.0003690733340317603
GGGCA	0.0001355534780463345
GGGCC	5.606075994718613e-05
GGGCG	2.926995455159789e-05
GGGCT	0.0001707414015509877
GGGGA	0.00017066142899756803
GGGGC	5.981946995791045e-05
GGGGG	7.453441978712906e-05
GGGGT	0.00018537637882678665
GGGTA	0.00023463947173330113
GGGTC	0.00017402027624119403
GGGTG	0.00019769215205341526
GGGTT	0.0006190675360216374
GGTAA	0.0005069460161272651
GGTAC	0.00024791491560096577
GGTAG	0.0003498799212110404
GGTAT	0.0006399403724641703
GGTCA	0.00038682724089092625
GGTCC	0.00019177418310035996
GGTCG	0.00010876267265074626
GGTCT	0.0006101106100386347
GGTGA	0.0004917512309775285
GGTGC	0.0002392778798316418
GGTGG	0.00030861408364649253
GGTGT	0.0006377811135218393
GGTTA	0.0008904144097745654
GGTTC	0.0006919225321869534
GGTTG	0.0007638978302646532
GGTTT	0.002277938211605777
GTAAA	0.001868958573417603
GTAAC	0.0010548379796053995
GTAAG	0.0018228943826478752
GTAAT	0.0018265731201051799
GTACA	0.000829635269175619
GTACC	0.00034756071716187005
GTACG	0.0002986175144690342
GTACT	0.0009877410072862993
GTAGA	0.0007622983791962598
GTAGC	0.0004256139292994644
GTAGG	0.0003445217601319227
GTAGT	0.0008780986365479368
GTATA	0.0016438358355412423
GTATC	0.0009656685825424714
GTATG	0.0016037695862779894
GTATT	0.001933256506367015
GTCAA	0.000821717986387072
GTCAC	0.0004720779828362906
GTCAG	0.0005023875805823441
GTCAT	0.0010073342828741175
GTCCA	0.000444407479353086
GTCCC	0.00021848501594252853
GTCCG	9.588709155017998e-05
GTCCT	0.000544613088787928
GTCGA	0.00020936814485268655
GTCGC	0.00010468407242634327
GTCGG	0.00010100533496903863
GTCGT	0.00027262643460764267
GTCTA	0.0008501082428510535
GTCTC	0.0009423965694973486
GTCTG	0.0007602190928073485
GTCTT	0.001815536907733266
GTGAA	0.0012143032511242142
GTGAC	0.0005451728966618657
GTGAG	0.0009043296340695874
GTGAT	0.0014094362814682001
GTGCA	0.0006743285704346268
GTGCC	0.00021160737634843722
GTGCG	0.0001269964148304302
GTGCT	0.0006812062100287181
GTGGA	0.0005758823571750175
GTGGC	0.00031541175068716416
GTGGG	0.00027590530929784895
GTGGT	0.0008014849303718964
GTGTA	0.001058996552383222
GTGTC	0.0006371413330944819
GTGTG	0.0011204954459629456
GTGTT	0.0021591789697775724
GTTAA	0.0015880949658077347
GTTAC	0.0010526787206630685
GTTAG	0.0012231802045537972
GTTAT	0.0021419048982389242
GTTCA	0.0012340564718188718
GTTCC	0.0006891234928172651
GTTCG	0.00032636799050565844
GTTCT	0.002085684193184899
GTTGA	0.0014702154220671466
GTTGC	0.0009189646113453863
GTTGG	0.0009033699634285514
GTTGT	0.00209744015853759
GTTTA	0.0025273726057217162
GTTTC	0.002801278601184074
GTTTG	0.0028663762596676822
GTTTT	0.0056008777787463345
TAAAA	0.002757373669356677
TAAAC	0.0016031298058506321
TAAAG	0.001338980461905474
TAAAT	0.0026428529728597145
TAACA	0.0017190900083091482
TAACC	0.0007970064673803951
TAACG	0.0003748313578779763
TAACT	0.001969644018172963
TAAGA	0.0015170793383710711
TAAGC	0.0009202441722001009
TAAGG	0.0005444531436810887
TAAGT	0.0019968346863356496
TAATA	0.0022031638741583886
TAATC	0.0016260019561286567
TAATG	0.001889351574539618
TAATT	0.003178908998431738
TACAA	0.0013373810108370807
TACAC	0.0007512621668243458
TACAG	0.0010351647314641615
TACAT	0.0018999879241444336
TACCA	0.0007770933015788981
TACCC	0.0002891807531655136
TACCG	0.00018089791583528533
TACCT	0.0008795381425094908
TACGA	0.00030917389152043017
TACGC	0.00017577967241642667
TACGG	0.00016066485982010973
TACGT	0.000528538605550575
TACTA	0.0013568143413180596
TACTC	0.0010509193244878357
TACTG	0.0010953040916357507
TACTT	0.0025359296689376207
TAGAA	0.0013535354666278532
TAGAC	0.0005658857879975593
TAGAG	0.0007460639508520676
TAGAT	0.00145741981352
TAGCA	0.0006857646455736391
TAGCC	0.00032284919815519315
TAGCG	0.00014107158423229147
TAGCT	0.0011381693802686918
TAGGA	0.0006020333821432484
TAGGC	0.0003203700489991835
TAGGG	0.00026910764225717733
TAGGT	0.0006067517627950088
TAGTA	0.0012503708727164837
TAGTC	0.0007997255341966637
TAGTG	0.0009388777771468832
TAGTT	0.0023060885504094996
TATAA	0.002359430243540417
TATAC	0.0013804062445768612
TATAG	0.001498845596191387
TATAT	0.0044344780871205
TATCA	0.00176427450099126
TATCC	0.0008320344457782089
TATCG	0.00041937607013273047
TATCT	0.0026872377400076293
TATGA	0.0020429788496587973
TATGC	0.001279560854714662
TATGG	0.0010797094437189157
TATGT	0.0031256472778542405
TATTA	0.002526972742954618
TATTC	0.0019412537617089815
TATTG	0.0023687870322905177
TATTT	0.004985728897842261
TCAAA	0.002070169517821484
TCAAC	0.0009389577497003028
TCAAG	0.0009512735229269314
TCAAT	0.001869198491077862
TCACA	0.0011744769195212203
TCACC	0.0004899118622488761
TCACG	0.0002230434514874495
TCACT	0.0013883235273654082
TCAGA	0.0008222777942610097
TCAGC	0.00044104863210946
TCAGG	0.00031421216238586915
TCAGT	0.0011198556655355881
TCATA	0.0018677589851163082
TCATC	0.0014548606918105705
TCATG	0.0015785782319507945
TCATT	0.0029945722627994073
TCCAA	0.0009475148129162071
TCCAC	0.0005192617893538937
TCCAG	0.0006023532723569271
TCCAT	0.0013326626301853205
TCCCA	0.0005151032165760711
TCCCC	0.00027238651694738367
TCCCG	0.0001255569088688762
TCCCT	0.0007573400808842405
TCCGA	0.00021008789783346355
TCCGC	0.0001301153444137972
TCCGG	0.00014115155678571116
TCCGT	0.0003153317781337445
TCCTA	0.0008200385627652589
TCCTC	0.0009154458189949209
TCCTG	0.0007238315810014003
TCCTT	0.002012269389145645
TCGAA	0.00046839924537898594
TCGAC	0.00020856841931848988
TCGAG	0.00025343302178692275
TCGAT	0.0005895576638097805
TCGCA	0.0002472751351736084
TCGCC	0.00011667995543929323
TCGCG	4.9423038013353815e-05
TCGCT	0.00031517183302690515
TCGGA	0.00020193069738465758
TCGGC	9.732659751173398e-05
TCGGG	0.00010524388030028095
TCGGT	0.00036395509061290163
TCGTA	0.00044840610702406934
TCGTC	0.00034716085439477173
TCGTG	0.0003697131144591176
TCGTT	0.0009628695431727831
TCTAA	0.0018290522692611896
TCTAC	0.0009674279787177041
TCTAG	0.0010214094522759789
TCTAT	0.002229714761893718
TCTCA	0.0018896714647532967
TCTCC	0.0009192845015590649
TCTCG	0.0004591224291823046
TCTCT	0.0036090813632761237
TCTGA	0.0017899456906389727
TCTGC	0.001063315070267884
TCTGG	0.0007938875377970281
TCTGT	0.0024496392837978008
TCTTA	0.0029260357845187534
TCTTC	0.002758013449784034
TCTTG	0.002915479407467357
TCTTT	0.005880301880394649
TGAAA	0.002549684948125803
TGAAC	0.0011216150617108208
TGAAG	0.0011864728025341702
TGAAT	0.0024847472347490343
TGACA	0.0011513648515829368
TGACC	0.0004926309290651449
TGACG	0.00023839818174402545
TGACT	0.001326504743572006
TGAGA	0.0012310175147889244
TGAGC	0.0005813204908075548
TGAGG	0.000452804597462151
TGAGT	0.0015033240591828885
TGATA	0.0021207921441361325
TGATC	0.0014870896308386962
TGATG	0.001981879818846172
TGATT	0.00362435612097928
TGCAA	0.0011667195818395126
TGCAC	0.0004849535639368569
TGCAG	0.002096160597682875
TGCAT	0.0016553518832336741
TGCCA	0.000541254241544302
TGCCC	0.00018153769626264265
TGCCG	0.00010364442923188762
TGCCT	0.000702798799452028
TGCGA	0.00021464633337838453
TGCGC	0.00011564031224483757
TGCGG	0.00013899229784338014
TGCGT	0.00037906990320921857
TGCTA	0.0011472862513585338
TGCTC	0.0008623440435242625
TGCTG	0.0009088080970610886
TGCTT	0.0024837075915545783
TGGAA	0.0011915110733996092
TGGAC	0.00044744643638303333
TGGAG	0.0005483717987986523
TGGAT	0.001351456180238942
TGGCA	0.0006534557339920939
TGGCC	0.00025175359816510974
TGGCG	0.00013171479548219051
TGGCT	0.000895532653193424
TGGGA	0.0005212611031893854
TGGGC	0.00019705237162605794
TGGGG	0.00025831134754552236
TGGGT	0.0006164284417587884
TGGTA	0.0010488400380989245
TGGTC	0.0007501425510764706
TGGTG	0.001043002041699289
TGGTT	0.0027121092041211456
TGTAA	0.001739562981984583
TGTAC	0.0008558662666972695
TGTAG	0.0015244368132856804
TGTAT	0.0024328450475796706
TGTCA	0.001284599125580101
TGTCC	0.0006005139036282747
TGTCG	0.0003034158676742142
TGTCT	0.0021063970845205927
TGTGA	0.0017346846562259833
TGTGC	0.0008941731197852897
TGTGG	0.001012052663525878
TGTGT	0.0028053572014084768
TGTTA	0.00272066626733705
TGTTC	0.0020931216406529277
TGTTG	0.0028362266070284677
TGTTT	0.006723772401311869
TTAAA	0.0027402595429248684
TTAAC	0.0016825425513963608
TTAAG	0.0014827711129540343
TTAAT	0.003011446471570957
TTACA	0.0020304231587719096
TTACC	0.000905609194924302
TTACG	0.0004208155760942844
TTACT	0.0025261730174204215
TTAGA	0.0015082023849414881
TTAGC	0.0009092879323816067
TTAGG	0.0007330284246446619
TTAGT	0.0022033238192652282
TTATA	0.0031654736094572345
TTATC	0.0021389459137623966
TTATG	0.0026385344549750525
TTATT	0.004537562708478451
TTCAA	0.002201964285857094
TTCAC	0.0013208266922792099
TTCAG	0.001928218235501576
TTCAT	0.003238168660515711
TTCCA	0.0014805318814582835
TTCCC	0.0007874897335234547
TTCCG	0.0003557978901640957
TTCCT	0.002083524934242568
TTCGA	0.0006029130802308648
TTCGC	0.00028878089039841525
TTCGG	0.00032588815518514043
TTCGT	0.0009412769537494732
TTCTA	0.0023523926588394865
TTCTC	0.002805677091622155
TTCTG	0.002562160666459271
TTCTT	0.006532478053532028
TTGAA	0.0027946408792502413
TTGAC	0.0013009934990311325
TTGAG	0.0013929619354637489
TTGAT	0.003752552124111005
TTGCA	0.0023255218808904783
TTGCC	0.000629224050305935
TTGCG	0.00034588129354005704
TTGCT	0.0023666277733481868
TTGGA	0.0014758135008065233
TTGGC	0.0008607445924558692
TTGGG	0.0007247912516424363
TTGGT	0.002655248718639763
TTGTA	0.0026658850682445786
TTGTC	0.0018236941081820719
TTGTG	0.0027291433579995344
TTGTT	0.006317191939726286
TTTAA	0.003388677006051523
TTTAC	0.0023592702984335774
TTTAG	0.002309607342759965
TTTAT	0.004937745365790461
TTTCA	0.003917055666495259
TTTCC	0.0022388316329835603
TTTCG	0.0009955783175214267
TTTCT	0.006534797257581198
TTTGA	0.003889944970885992
TTTGC	0.0025148169148348286
TTTGG	0.0027202664045699516
TTTGT	0.006108223657640697
TTTTA	0.005107926959467511
TTTTC	0.005576965985273854
TTTTG	0.006411799470421751
TTTTT	0.011304040453316422
