AAAAA	0.004053760460811908
AAAAC	0.0017123073044982362
AAAAG	0.001541006939753801
AAAAT	0.0031721902910295707
AAACA	0.0014933074479448832
AAACC	0.0009780136678193463
AAACG	0.0005121602368680165
AAACT	0.0018143215461041702
AAAGA	0.001469631787776953
AAAGC	0.000718625920391289
AAAGG	0.0005786609882220554
AAAGT	0.001687238958438075
AAATA	0.0018613246949669723
AAATC	0.002097733125173215
AAATG	0.0016228272359223828
AAATT	0.004145677729699166
AACAA	0.0015267319093584314
AACAC	0.0005710012158147839
AACAG	0.0006646593420673308
AACAT	0.0012457575306007908
AACCA	0.000749265010020375
AACCC	0.0005354877255628888
AACCG	0.00023118585811037593
AACCT	0.000716885063026
AACGA	0.0005292206390478486
AACGC	0.00016572962117551046
AACGG	0.0001904497957626139
AACGT	0.00044914120024455565
AACTA	0.001036506475293056
AACTC	0.0009010677722735736
AACTG	0.0006876386592891453
AACTT	0.0019985042553517436
AAGAA	0.0017356347931931084
AAGAC	0.0004686388027357922
AAGAG	0.0007607546686312823
AAGAT	0.0015319544814542984
AAGCA	0.0006068628775397368
AAGCC	0.0002754036351887159
AAGCG	0.00015772167729518117
AAGCT	0.0011879610660731968
AAGGA	0.000596417733348003
AAGGC	0.00020751019794244585
AAGGG	0.00025799506153582614
AAGGT	0.0005567261854194143
AAGTA	0.001007608243029259
AAGTC	0.000705047232942035
AAGTG	0.0007276783786907917
AAGTT	0.0023449348710442497
AATAA	0.0017579177674688074
AATAC	0.0007182777489182313
AATAG	0.0008565018237221758
AATAT	0.0021976583379408024
AATCA	0.0018042245733854941
AATCC	0.000909075716153903
AATCG	0.0009745319530887684
AATCT	0.0030224765576147192
AATGA	0.0014584903006391035
AATGC	0.0006636148276481575
AATGG	0.0009045494870041516
AATGT	0.0018989272140572144
AATTA	0.0024695802583989406
AATTC	0.0022537139451031074
AATTG	0.0026036262755261916
AATTT	0.006009439624977543
ACAAA	0.0015601563707719798
ACAAC	0.0005288724675747907
ACAAG	0.0006270568229770889
ACAAT	0.0012248672422173232
ACACA	0.000725589349852445
ACACC	0.00022909682927202917
ACACG	0.000197065053750712
ACACT	0.0006113891066894881
ACAGA	0.0005285242961017329
ACAGC	0.00015284727667237203
ACAGG	0.00011837830083965032
ACAGT	0.000438347884579764
ACATA	0.00107376082291024
ACATC	0.0005393176117665246
ACATG	0.0008021870739251598
ACATT	0.001483210475226207
ACCAA	0.0008032315883443333
ACCAC	0.00027749266402706267
ACCAG	0.0002555578612244216
ACCAT	0.00062844950886932
ACCCA	0.000351653187788373
ACCCC	0.00011837830083965032
ACCCG	7.72940670188305e-05
ACCCT	0.00048256566165810397
ACCGA	0.00022422242864922004
ACCGC	6.99824660846168e-05
ACCGG	0.00012603807324692182
ACCGT	0.00022840048632591356
ACCTA	0.00043521434132224386
ACCTC	0.00033702998591994565
ACCTG	0.00025625420417053717
ACCTT	0.0008356115353387081
ACGAA	0.0005713493872878417
ACGAC	0.00018766442397815153
ACGAG	0.0002597359189011151
ACGAT	0.000564037786353628
ACGCA	0.00018836076692426714
ACGCC	7.903492438411948e-05
ACGCG	7.311600934213696e-05
ACGCT	0.0001995022540621166
ACGGA	0.00021586631329583296
ACGGC	9.052458299502671e-05
ACGGG	7.241966639602137e-05
ACGGT	0.00019915408258905877
ACGTA	0.0003728916476448985
ACGTC	0.00020089493995434775
ACGTG	0.0002607804333202885
ACGTT	0.000650732483145019
ACTAA	0.0010319802461433046
ACTAC	0.00043695519868753284
ACTAG	0.0005602079001499923
ACTAT	0.0009623459515317456
ACTCA	0.000720366777756578
ACTCC	0.000310917125440611
ACTCG	0.00035304587368060423
ACTCT	0.0013543870301948229
ACTGA	0.0007757260419727674
ACTGC	0.00026112860479334633
ACTGG	0.00031474701164424675
ACTGT	0.0008725177114828344
ACTTA	0.0010828132812097427
ACTTC	0.0009933332126338893
ACTTG	0.0012763966202298767
ACTTT	0.00257229084295099
AGAAA	0.0018609765234939147
AGAAC	0.0006166116787853551
AGAAG	0.0008920153139740709
AGAAT	0.0014929592764718253
AGACA	0.00048256566165810397
AGACC	0.00021342911298442838
AGACG	0.00017234487916360856
AGACT	0.0005908469897790783
AGAGA	0.0010385955041314027
AGAGC	0.00030256101008722394
AGAGG	0.0003018646671411083
AGAGT	0.0007788595852302875
AGATA	0.0009546861791244741
AGATC	0.0011625445485399777
AGATG	0.0007778150708111142
AGATT	0.0026422733090356067
AGCAA	0.0006145226499470083
AGCAC	0.00017965648009782224
AGCAG	0.00030639089629085965
AGCAT	0.0004961443491073579
AGCCA	0.0002524243179669014
AGCCC	0.00011071852843237883
AGCCG	8.878372562973774e-05
AGCCT	0.0002806262072845828
AGCGA	0.0001981095681698854
AGCGC	4.317326265916659e-05
AGCGG	6.441172251569208e-05
AGCGT	0.00017164853621749298
AGCTA	0.0006963429461155901
AGCTC	0.0006879868307622031
AGCTG	0.0005278279531556173
AGCTT	0.0015521484268916504
AGGAA	0.0007005210037922837
AGGAC	0.00017373756505583974
AGGAG	0.0003029091815602817
AGGAT	0.000683112430139394
AGGCA	0.00018000465157088006
AGGCC	9.296178330643128e-05
AGGCG	7.033063755767461e-05
AGGCT	0.00031474701164424675
AGGGA	0.00028550060790739196
AGGGC	0.00011245938579766781
AGGGG	0.00011628927200130356
AGGGT	0.0007806004425955765
AGGTA	0.00029385672326077907
AGGTC	0.00029455306620689465
AGGTG	0.00026913654867367556
AGGTT	0.001085598652994205
AGTAA	0.0009797545251846354
AGTAC	0.0003387708432852346
AGTAG	0.0006162635073122972
AGTAT	0.0009908960123224848
AGTCA	0.0005762237879106508
AGTCC	0.00024302368819434096
AGTCG	0.00023849745904458962
AGTCT	0.0010215351019515707
AGTGA	0.0008603317099258116
AGTGC	0.00021656265624194854
AGTGG	0.00039134473571696165
AGTGT	0.0010271058455204954
AGTTA	0.0011635890629591512
AGTTC	0.001019446073113224
AGTTG	0.0010751535088024712
AGTTT	0.0035680612558962837
ATAAA	0.0020542116910409907
ATAAC	0.0008603317099258116
ATAAG	0.0008617243958180427
ATAAT	0.002177812563976508
ATACA	0.0010472997909578476
ATACC	0.0003575721028303555
ATACG	0.00034260072948887033
ATACT	0.0010090009289214902
ATAGA	0.0011012663692818057
ATAGC	0.00041989479650770086
ATAGG	0.0003767215338485343
ATAGT	0.001096043797185939
ATATA	0.0032031775521317147
ATATC	0.0013126064534278875
ATATG	0.001671919413623532
ATATT	0.0028438645919360702
ATCAA	0.0017603549677802119
ATCAC	0.0007245448354332715
ATCAG	0.0008021870739251598
ATCAT	0.001970302366034062
ATCCA	0.0008464048510034998
ATCCC	0.00036453553229151146
ATCCG	0.00034260072948887033
ATCCT	0.0009028086296388626
ATCGA	0.0009947258985261206
ATCGC	0.00032762935614738515
ATCGG	0.0003930855930822506
ATCGT	0.0008787847979978748
ATCTA	0.0016134266061498224
ATCTC	0.002088680666873713
ATCTG	0.0017474726232770735
ATCTT	0.0032021330377125412
ATGAA	0.0018477460075177184
ATGAC	0.0005285242961017329
ATGAG	0.0007433460949783924
ATGAT	0.0023780111609847405
ATGCA	0.0009115129164653075
ATGCC	0.0002496389461824391
ATGCG	0.00023014134369120254
ATGCT	0.0009400629772560467
ATGGA	0.0009320550333757174
ATGGC	0.00035026050189614186
ATGGG	0.00047699491808917923
ATGGT	0.0010497369912692521
ATGTA	0.0014978336770946343
ATGTC	0.0008620725672911006
ATGTG	0.0013919895492850646
ATGTT	0.0031095194258791677
ATTAA	0.0019981560838786857
ATTAC	0.0011733378642047694
ATTAG	0.0017255378204744324
ATTAT	0.0026889282864253515
ATTCA	0.0021210606138680876
ATTCC	0.0009811472110768664
ATTCG	0.001104399912539326
ATTCT	0.002996711868608442
ATTGA	0.0028410792201516077
ATTGC	0.0010761980232216447
ATTGG	0.001364135831440441
ATTGT	0.002866147566211769
ATTTA	0.003125883485112884
ATTTC	0.003615412576232144
ATTTG	0.004143588700860819
ATTTT	0.007609287543678111
CAAAA	0.001981095681698854
CAAAC	0.0007718961557691316
CAAAG	0.0008860963989320885
CAAAT	0.0018320782912301177
CAACA	0.0006925130599119544
CAACC	0.00028550060790739196
CAACG	0.00021760717066112193
CAACT	0.000725589349852445
CAAGA	0.0006636148276481575
CAAGC	0.0002949012376799524
CAAGG	0.0002750554637156581
CAAGT	0.0008578945096144071
CAATA	0.0009369294339985265
CAATC	0.0010657528790299108
CAATG	0.0008874890848243196
CAATT	0.00250439740570472
CACAA	0.0007224558065949247
CACAC	0.0004070124520045624
CACAG	0.0003446897583272171
CACAT	0.000749265010020375
CACCA	0.0004031825658009267
CACCC	0.00011907464378576591
CACCG	0.00013822407480394464
CACCT	0.00032588849878209617
CACGA	0.00023814928757153183
CACGC	9.679166951006703e-05
CACGG	9.226544036031569e-05
CACGT	0.00024128283082905198
CACTA	0.00051320475128719
CACTC	0.0005034559500415717
CACTG	0.00047525406072389026
CACTT	0.0009801026966576932
CAGAA	0.0006510806546180768
CAGAC	0.00018696808103203596
CAGAG	0.0003909965642439039
CAGAT	0.0008822665127284527
CAGCA	0.0001907979672356717
CAGCC	9.052458299502671e-05
CAGCG	7.241966639602137e-05
CAGCT	0.0004588900014901739
CAGGA	0.00021377728445748617
CAGGC	6.928612313850121e-05
CAGGG	9.226544036031569e-05
CAGGT	0.00019462785343930746
CAGTA	0.00034886781600391065
CAGTC	0.0002552096897513638
CAGTG	0.00038020324857911223
CAGTT	0.0008659024534947363
CATAA	0.0010250168166821487
CATAC	0.00048221749018504615
CATAG	0.0005936323615635406
CATAT	0.0014769433887111666
CATCA	0.0009330995477948908
CATCC	0.0003335482711893677
CATCG	0.00041850211061546965
CATCT	0.0012784856490682234
CATGA	0.0008711250255906033
CATGC	0.00041258319557348715
CATGG	0.0004947516632151268
CATGT	0.0012551581603733512
CATTA	0.0011190231144077533
CATTC	0.0009097720591000185
CATTG	0.0012976350800864022
CATTT	0.002788505327719881
CCAAA	0.0010044746997717388
CCAAC	0.00033076289940490533
CCAAG	0.00036418736081845365
CCAAT	0.0008840073700937417
CCACA	0.00035583124546506654
CCACC	0.00019462785343930746
CCACG	0.00010340692749816514
CCACT	0.0003962191363397708
CCAGA	0.000309176268075322
CCAGC	0.00011489658610907237
CCAGG	8.808738268362215e-05
CCAGT	0.0002534688323860748
CCATA	0.0004957961776343002
CCATC	0.0004588900014901739
CCATG	0.000438347884579764
CCATT	0.0010943029398206498
CCCAA	0.0004728168604124857
CCCAC	0.00018139733746311125
CCCAG	0.00013961676069617582
CCCAT	0.00039030022129778825
CCCCA	0.00020576934057715688
CCCCC	0.0001201191582049393
CCCCG	4.978852064726469e-05
CCCCT	0.0001974132252237698
CCCGA	0.00012951978797749977
CCCGC	5.083303506643808e-05
CCCGG	5.292206390478485e-05
CCCGT	9.470264067172025e-05
CCCTA	0.0004191984535615853
CCCTC	0.0002910713514763167
CCCTG	0.00016677413559468385
CCCTT	0.0006106927637433726
CCGAA	0.00027018106309284896
CCGAC	0.00011872647231270812
CCGAG	0.00014518750426510053
CCGAT	0.0004996260638379359
CCGCA	8.251663911469744e-05
CCGCC	9.122092594114231e-05
CCGCG	4.769949180891792e-05
CCGCT	0.00012290452998940166
CCGGA	0.0001556326484568344
CCGGC	8.182029616858185e-05
CCGGG	5.083303506643808e-05
CCGGT	0.00019427968196624964
CCGTA	0.00018592356661286256
CCGTC	0.0001702558503252618
CCGTG	0.00015981070613352793
CCGTT	0.00042268016829216323
CCTAA	0.000705047232942035
CCTAC	0.0002120364270921972
CCTAG	0.00035026050189614186
CCTAT	0.00042651005449579894
CCTCA	0.0004453113140409199
CCTCC	0.00032762935614738515
CCTCG	0.00020298396879269454
CCTCT	0.0010124826436520682
CCTGA	0.0004084051378967936
CCTGC	0.00017373756505583974
CCTGG	0.00015772167729518117
CCTGT	0.000366972732602916
CCTTA	0.0007005210037922837
CCTTC	0.0007600583256851666
CCTTG	0.0006329757380190715
CCTTT	0.0017673183972413678
CGAAA	0.0007248930069063293
CGAAC	0.00022074071391864206
CGAAG	0.00029873112388358817
CGAAT	0.0008979342290160535
CGACA	0.00018453088072063138
CGACC	0.00011628927200130356
CGACG	0.00014414298984592716
CGACT	0.00024163100230210977
CGAGA	0.000378810562686881
CGAGC	0.00015180276225319864
CGAGG	0.00013822407480394464
CGAGT	0.0003676690755490316
CGATA	0.00037950690563299665
CGATC	0.0006430727107377475
CGATG	0.0004386960560528218
CGATT	0.0017168335336479874
CGCAA	0.00018731625250509375
CGCAC	6.893795166544342e-05
CGCAG	0.0001692113359060884
CGCAT	0.0002461572314518611
CGCCA	0.0001333496741811355
CGCCC	3.7254347617184074e-05
CGCCG	0.00011350390021684119
CGCCT	0.00012499355882774843
CGCGA	0.00010828132812097427
CGCGC	3.9343376455530844e-05
CGCGG	3.4120804359663916e-05
CGCGT	0.00010271058455204954
CGCTA	0.00016712230706774164
CGCTC	0.0001761747653672443
CGCTG	0.00015423996256460322
CGCTT	0.00047595040367000584
CGGAA	0.0003164878690095357
CGGAC	6.023366483899855e-05
CGGAG	0.0001838345377745158
CGGAT	0.0003937819360283662
CGGCA	8.704286826444877e-05
CGGCC	5.083303506643808e-05
CGGCG	9.992521276758719e-05
CGGCT	0.0001625960779179903
CGGGA	0.00010514778486345411
CGGGC	3.55134902518951e-05
CGGGG	4.735132033586013e-05
CGGGT	0.00014170578953452259
CGGTA	0.00014727653310344732
CGGTC	0.00011559292905518797
CGGTG	0.0002120364270921972
CGGTT	0.0004902254340653755
CGTAA	0.0004547119438134804
CGTAC	0.00020576934057715688
CGTAG	0.0002907231800032589
CGTAT	0.0005020632641493405
CGTCA	0.0002747072922426003
CGTCC	0.00013126064534278874
CGTCG	0.00022979317221814475
CGTCT	0.0005960695618749452
CGTGA	0.00038507764920192133
CGTGC	0.00013056430239667316
CGTGG	0.00019393151049319185
CGTGT	0.000489180919646202
CGTTA	0.0005619487575152812
CGTTC	0.00041780576766935407
CGTTG	0.0006263604800309734
CGTTT	0.0017453835944387266
CTAAA	0.0013620468026020944
CTAAC	0.0005925878471443672
CTAAG	0.0005786609882220554
CTAAT	0.001704299360617907
CTACA	0.0005375767544012356
CTACC	0.0002266596289606246
CTACG	0.00021551814182277514
CTACT	0.0008300407917697834
CTAGA	0.000708528947672613
CTAGC	0.0003251921558359806
CTAGG	0.00044914120024455565
CTAGT	0.0007541394106431841
CTATA	0.001119371285880811
CTATC	0.0007482204956012016
CTATG	0.0008596353669796961
CTATT	0.0015075824783402528
CTCAA	0.0012614252468883915
CTCAC	0.0005765719593837087
CTCAG	0.0005943287045096562
CTCAT	0.0011879610660731968
CTCCA	0.0006294940232884935
CTCCC	0.00029942746682970375
CTCCG	0.00034921598747696846
CTCCT	0.0009045494870041516
CTCGA	0.0006287976803423779
CTCGC	0.00025103163207467025
CTCGG	0.0002040284832118679
CTCGT	0.0006789343724627004
CTCTA	0.0013383711424341642
CTCTC	0.00270181063092849
CTCTG	0.001710914618606005
CTCTT	0.0030694797064775214
CTGAA	0.001226608099582612
CTGAC	0.0003178805549017669
CTGAG	0.00058109818853346
CTGAT	0.0017164853621749296
CTGCA	0.0005142492657063633
CTGCC	0.00013752773185782906
CTGCG	0.00018836076692426714
CTGCT	0.0007722443272421895
CTGGA	0.0005863207606293269
CTGGC	0.00016085522055270132
CTGGG	0.000411190509681256
CTGGT	0.0006162635073122972
CTGTA	0.0008091505033863157
CTGTC	0.0005271316102095018
CTGTG	0.0008739103973750657
CTGTT	0.0022934054930316963
CTTAA	0.0016228272359223828
CTTAC	0.0008561536522491181
CTTAG	0.0010316320746702468
CTTAT	0.0019142467588717574
CTTCA	0.0016402358095752726
CTTCC	0.0009219580606570413
CTTCG	0.0008046242742365644
CTTCT	0.0036958401865084946
CTTGA	0.0015841802024129676
CTTGC	0.0006921648884388966
CTTGG	0.0007757260419727674
CTTGT	0.0022112370253900564
CTTTA	0.0021555295897008092
CTTTC	0.002376966646565567
CTTTG	0.0026558519964848606
CTTTT	0.005057538817637531
GAAAA	0.001935485218728283
GAAAC	0.0010869913388864363
GAAAG	0.0008575463381413493
GAAAT	0.0022575438313067434
GAACA	0.0007134033482954221
GAACC	0.00038577399214803697
GAACG	0.00019462785343930746
GAACT	0.000759361982739051
GAAGA	0.0010730644799641243
GAAGC	0.00046829063126273436
GAAGG	0.0002841079220151608
GAAGT	0.0007983571877215241
GAATA	0.001010741786286779
GAATC	0.0016653041556354338
GAATG	0.0009094238876269608
GAATT	0.0028588359652775555
GACAA	0.0005737865875992462
GACAC	0.00023814928757153183
GACAG	0.000256602375643595
GACAT	0.0005584670427847033
GACCA	0.00028550060790739196
GACCC	0.00012360087293551724
GACCG	8.321298206081302e-05
GACCT	0.00028341157906904517
GACGA	0.0003029091815602817
GACGC	8.007943880329287e-05
GACGG	0.00010096972718676057
GACGT	0.00020054676848128996
GACTA	0.0004533192579212492
GACTC	0.00043382165543001265
GACTG	0.0003119616398597844
GACTT	0.000927528804225966
GAGAA	0.0011594110052824576
GAGAC	0.00036209833198010686
GAGAG	0.0005260870957903283
GAGAT	0.001211288554768069
GAGCA	0.0003130061542789578
GAGCC	0.00013857224627700243
GAGCG	7.79904099649461e-05
GAGCT	0.0006392428245341117
GAGGA	0.00043521434132224386
GAGGC	0.00014727653310344732
GAGGG	0.00015946253466047014
GAGGT	0.0003627946749262225
GAGTA	0.0005821427029526334
GAGTC	0.00045401560086736476
GAGTG	0.00047107600304719673
GAGTT	0.0014275030395369597
GATAA	0.0011534920902404751
GATAC	0.0005048486359338028
GATAG	0.0005894543038868471
GATAT	0.0013822407480394464
GATCA	0.0011005700263356903
GATCC	0.0006040775057552744
GATCG	0.0006225305938273376
GATCT	0.0020225280869927316
GATGA	0.0014031310364229141
GATGC	0.00048256566165810397
GATGG	0.0005062413218260341
GATGT	0.0011548847761327062
GATTA	0.0019177284736023354
GATTC	0.0023874117907573007
GATTG	0.0019953707120942236
GATTT	0.0052236166102861
GCAAA	0.000716885063026
GCAAC	0.000266699348362271
GCAAG	0.00028619695085350754
GCAAT	0.0006872904878160875
GCACA	0.000225963286014509
GCACC	8.808738268362215e-05
GCACG	7.137515197684799e-05
GCACT	0.00021029556972690822
GCAGA	0.00029455306620689465
GCAGC	0.00015041007636096748
GCAGG	8.112395322246625e-05
GCAGT	0.0002273559719067402
GCATA	0.0004728168604124857
GCATC	0.00040353073727398447
GCATG	0.0004728168604124857
GCATT	0.0008265590770392055
GCCAA	0.00029246403736854786
GCCAC	0.00014588384721121614
GCCAG	9.087275446808452e-05
GCCAT	0.00029385672326077907
GCCCA	0.0001476247045765051
GCCCC	4.769949180891792e-05
GCCCG	2.5764689006276837e-05
GCCCT	0.0001424021324806382
GCCGA	0.00011803012936659253
GCCGC	6.510806546180767e-05
GCCGG	6.162635073122973e-05
GCCGT	0.00011803012936659253
GCCTA	0.00019915408258905877
GCCTC	0.00023257854400260712
GCCTG	0.00012951978797749977
GCCTT	0.0004404369134181108
GCGAA	0.00023814928757153183
GCGAC	8.112395322246625e-05
GCGAG	0.00015180276225319864
GCGAT	0.0003401635291774658
GCGCA	6.545623693486548e-05
GCGCC	3.4120804359663916e-05
GCGCG	3.1335432575201554e-05
GCGCT	7.172332344990578e-05
GCGGA	9.992521276758719e-05
GCGGC	6.0581836312056345e-05
GCGGG	4.108423382081982e-05
GCGGT	9.539898361783585e-05
GCGTA	0.00017965648009782224
GCGTC	0.00014414298984592716
GCGTG	0.00013578687449254009
GCGTT	0.00041850211061546965
GCTAA	0.0006845051160316251
GCTAC	0.0003032573530333395
GCTAG	0.00038438130625580575
GCTAT	0.0006141744784739506
GCTCA	0.0005159901230716523
GCTCC	0.0002472017458710345
GCTCG	0.00022805231485285577
GCTCT	0.0008941043428124177
GCTGA	0.0005427993264971025
GCTGC	0.00027331460635036914
GCTGG	0.00021621448476889075
GCTGT	0.0004738613748316591
GCTTA	0.0009832362399152133
GCTTC	0.0011037035695932104
GCTTG	0.0008554573093030025
GCTTT	0.0020211354011005003
GGAAA	0.000931010518956544
GGAAC	0.0003896038783516727
GGAAG	0.0004164130817771229
GGAAT	0.0009863697831727334
GGACA	0.00023606025873318506
GGACC	9.818435540229822e-05
GGACG	7.973126733023507e-05
GGACT	0.00027261826340425357
GGAGA	0.0005121602368680165
GGAGC	0.00016607779264856824
GGAGG	0.0002047248261579835
GGAGT	0.000366972732602916
GGATA	0.0005187754948561147
GGATC	0.0006552587122947703
GGATG	0.000409449652315967
GGATT	0.0016816682148691501
GGCAA	0.00024406820261351435
GGCAC	8.634652531833317e-05
GGCAG	0.0001981095681698854
GGCAT	0.00025033528912855467
GGCCA	0.00013021613092361535
GGCCC	5.501109274313162e-05
GGCCG	5.4662921270073825e-05
GGCCT	0.00014379481837286938
GGCGA	0.00014066127511534922
GGCGC	3.272811846743274e-05
GGCGG	7.79904099649461e-05
GGCGT	0.00011489658610907237
GGCTA	0.0002917676944224323
GGCTC	0.00023466757284095388
GGCTG	0.00019532419638542304
GGCTT	0.0006469025969413832
GGGAA	0.0004320807980647237
GGGAC	0.00012603807324692182
GGGAG	0.00015667716287600777
GGGAT	0.000479083946927526
GGGCA	0.00011594110052824576
GGGCC	5.710012158147839e-05
GGGCG	3.168360404825935e-05
GGGCT	0.00020124311142740556
GGGGA	0.00021691082771500633
GGGGC	4.6306805916686746e-05
GGGGG	0.00010410327044428073
GGGGT	0.00027296643487731133
GGGTA	0.0002858487793804498
GGGTC	0.0002444163740865721
GGGTG	0.00019010162428955611
GGGTT	0.0016148192920420535
GGTAA	0.0004856992049156241
GGTAC	0.00020228762584657893
GGTAG	0.0003175323834287091
GGTAT	0.0005431474979701603
GGTCA	0.0003596611316687023
GGTCC	0.00015876619171435456
GGTCG	0.00016781865001385722
GGTCT	0.0005817945314795756
GGTGA	0.0005710012158147839
GGTGC	0.0001692113359060884
GGTGG	0.0003102207824944954
GGTGT	0.0006030329913361011
GGTTA	0.0008941043428124177
GGTTC	0.0008088023319132579
GGTTG	0.0008060169601287956
GGTTT	0.003366121801522763
GTAAA	0.001534043510292645
GTAAC	0.0007322046078405431
GTAAG	0.0011601073482285732
GTAAT	0.0017951721150859913
GTACA	0.0005100712080296697
GTACC	0.0002402383164098786
GTACG	0.00038055142005217
GTACT	0.0007189740918643468
GTAGA	0.0007983571877215241
GTAGC	0.00037706970532159204
GTAGG	0.0002673956913083866
GTAGT	0.0007367308369902943
GTATA	0.001361002288182921
GTATC	0.000874954911794239
GTATG	0.0010560040777842924
GTATT	0.001671571242150474
GTCAA	0.0007812967855416921
GTCAC	0.0003673209040759738
GTCAG	0.00035617941693812436
GTCAT	0.000705047232942035
GTCCA	0.0003053463818716863
GTCCC	0.00015667716287600777
GTCCG	0.00013648321743865566
GTCCT	0.0004091014808429092
GTCGA	0.00037149896175266736
GTCGC	0.00014275030395369598
GTCGG	0.000183486366301458
GTCGT	0.0003896038783516727
GTCTA	0.000694950260223359
GTCTC	0.001075501680275529
GTCTG	0.0006629184847020418
GTCTT	0.0017439909085464956
GTGAA	0.0013146954822662342
GTGAC	0.00040631610905844683
GTGAG	0.0007496131814934328
GTGAT	0.0015782612873709852
GTGCA	0.0003930855930822506
GTGCC	0.00013126064534278874
GTGCG	0.00015145459078014085
GTGCT	0.0005017150926762827
GTGGA	0.0006040775057552744
GTGGC	0.0002475499173440923
GTGGG	0.0003293702135126741
GTGGT	0.0006963429461155901
GTGTA	0.0010295430458319
GTGTC	0.0005609042430961079
GTGTG	0.0011970135243726994
GTGTT	0.002458090599788033
GTTAA	0.0014800769319686868
GTTAC	0.0008645097676025052
GTTAG	0.0011259865438689092
GTTAT	0.0019184248165484508
GTTCA	0.0011583664908632841
GTTCC	0.0007207149492296358
GTTCG	0.000683112430139394
GTTCT	0.002289923778301118
GTTGA	0.0017746299981755815
GTTGC	0.0007858230146914434
GTTGG	0.0008415304503806907
GTTGT	0.0022063626247672474
GTTTA	0.0027366277782342693
GTTTC	0.0035043458763267072
GTTTG	0.0031694049192451086
GTTTT	0.0069467172304491275
TAAAA	0.0025089236348544712
TAAAC	0.001226608099582612
TAAAG	0.0013477717722067248
TAAAT	0.0024657503721953046
TAACA	0.0011089261416890772
TAACC	0.0005835353888448646
TAACG	0.0004101459952620826
TAACT	0.0013240961120387946
TAAGA	0.0012906716506252463
TAAGC	0.000745783295289797
TAAGG	0.000480824804292815
TAAGT	0.0014417780699323294
TAATA	0.0017213597627977388
TAATC	0.0018815186404043246
TAATG	0.0015058416209749637
TAATT	0.0038274490033243414
TACAA	0.00111797859998858
TACAC	0.0005469773841737961
TACAG	0.0006361092812765916
TACAT	0.00134533457189532
TACCA	0.0005267834387364439
TACCC	0.00025172797502078583
TACCG	0.00019636871080459643
TACCT	0.0005375767544012356
TACGA	0.0005125084083410743
TACGC	0.0001974132252237698
TACGG	0.00019427968196624964
TACGT	0.0005943287045096562
TACTA	0.0009884588120110801
TACTC	0.0009003714293274581
TACTG	0.000749265010020375
TACTT	0.0020186982007890956
TAGAA	0.0013199180543621012
TAGAC	0.00044217777078339976
TAGAG	0.0007684144410385537
TAGAT	0.0019156394447639885
TAGCA	0.0004860473763886819
TAGCC	0.00022840048632591356
TAGCG	0.0001695595073791462
TAGCT	0.001180649465138983
TAGGA	0.0006190488790967597
TAGGC	0.00023536391578706946
TAGGG	0.0007896529008950792
TAGGT	0.0008356115353387081
TAGTA	0.0009874142975919069
TAGTC	0.0006657038564865041
TAGTG	0.0009184763459264634
TAGTT	0.0021903467370065887
TATAA	0.0020173055148968648
TATAC	0.0010518260201075988
TATAG	0.0013481199436797826
TATAT	0.003972636507589442
TATCA	0.0014184505812374572
TATCC	0.0006089519063780835
TATCG	0.0005779646452759398
TATCT	0.0023282226403374758
TATGA	0.0017645330254569055
TATGC	0.0007722443272421895
TATGG	0.0009028086296388626
TATGT	0.002552096897513638
TATTA	0.00207962820857421
TATTC	0.0016517254681861799
TATTG	0.002249884058899472
TATTT	0.004472610742900436
TCAAA	0.002189650394060473
TCAAC	0.0007948754729909461
TCAAG	0.0008815701697823371
TCAAT	0.002598403703430325
TCACA	0.0009160391456150589
TCACC	0.0004745577177777747
TCACG	0.0002966420950452414
TCACT	0.0012541136459541778
TCAGA	0.0009790581822385197
TCAGC	0.00039447827897448183
TCAGG	0.0002830634075959874
TCAGT	0.000931010518956544
TCATA	0.0015354361961848763
TCATC	0.0015618972281372686
TCATG	0.001320266225835159
TCATT	0.0027108630892279926
TCCAA	0.0010149198439634727
TCCAC	0.00044600765698703547
TCCAG	0.0004602826873824051
TCCAT	0.0011757750645161739
TCCCA	0.000479083946927526
TCCCC	0.0002868932937996231
TCCCG	0.00017513025094807093
TCCCT	0.0006653556850134464
TCCGA	0.0005619487575152812
TCCGC	0.00015841802024129677
TCCGG	0.00024197917377516756
TCCGT	0.0004975370349995892
TCCTA	0.0006402873389532852
TCCTC	0.0011277274012341982
TCCTG	0.0005542889851080097
TCCTT	0.001974132252237698
TCGAA	0.0010626193357723905
TCGAC	0.000299079295356646
TCGAG	0.0004912699484845488
TCGAT	0.0017746299981755815
TCGCA	0.0003352891285546567
TCGCC	0.0002047248261579835
TCGCG	0.00013230515976196214
TCGCT	0.000579357331168171
TCGGA	0.0004829138331311618
TCGGC	0.00016747047854079943
TCGGG	0.00016538144970245267
TCGGT	0.00047629857514306365
TCGTA	0.0007144478627145955
TCGTC	0.0007165368915529423
TCGTG	0.000642376367791632
TCGTT	0.0018595838376016835
TCTAA	0.001816062403469459
TCTAC	0.0008585908525605226
TCTAG	0.0011096224846351929
TCTAT	0.0022317791423004663
TCTCA	0.001938618761985803
TCTCC	0.0012969387371402866
TCTCG	0.000978710010765462
TCTCT	0.00555995025325993
TCTGA	0.002115141698826105
TCTGC	0.0009042013155310938
TCTGG	0.0010859468244672629
TCTGT	0.0027905943565582274
TCTTA	0.0026582891967962654
TCTTC	0.004205563223065107
TCTTG	0.0024984784906627376
TCTTT	0.005884794237622852
TGAAA	0.0026224275350713124
TGAAC	0.0008279517629314367
TGAAG	0.001236705072301288
TGAAT	0.0030670425061661167
TGACA	0.0007245448354332715
TGACC	0.00034782330158473725
TGACG	0.0002886341511649121
TGACT	0.0010225796163707442
TGAGA	0.001330363198553835
TGAGC	0.0005490664130121428
TGAGG	0.0004599345159093473
TGAGT	0.001422280467441093
TGATA	0.0017784598843792172
TGATC	0.0018891784128115961
TGATG	0.0019229510456982022
TGATT	0.005485441558025561
TGCAA	0.0008854000559859729
TGCAC	0.00025799506153582614
TGCAG	0.0010608784784071016
TGCAT	0.0011782122648275786
TGCCA	0.00030743541071003304
TGCCC	0.00016050704907964353
TGCCG	0.00010549595633651191
TGCCT	0.000451926572029018
TGCGA	0.0003596611316687023
TGCGC	8.739103973750656e-05
TGCGG	0.0001197709867318815
TGCGT	0.000489180919646202
TGCTA	0.000830737134715899
TGCTC	0.0007861711861645012
TGCTG	0.000630190366234609
TGCTT	0.002287138406516656
TGGAA	0.001276048448756819
TGGAC	0.0003272811846743274
TGGAG	0.0006336720809651871
TGGAT	0.0017102182756598893
TGGCA	0.0003962191363397708
TGGCC	0.0001838345377745158
TGGCG	0.00016468510675633706
TGGCT	0.0006911203740197232
TGGGA	0.0005870171035754425
TGGGC	0.0002120364270921972
TGGGG	0.0003728916476448985
TGGGT	0.0011406097457373366
TGGTA	0.0008227291908355698
TGGTC	0.0006141744784739506
TGGTG	0.0009842807543343868
TGGTT	0.0026854465716947733
TGTAA	0.0016297906653835387
TGTAC	0.0006152189928931239
TGTAG	0.0013637876599673832
TGTAT	0.002256151145414512
TGTCA	0.0008801774838901059
TGTCC	0.00042198382534604765
TGTCG	0.0004282509118610879
TGTCT	0.0018529685796135854
TGTGA	0.0018174550893616903
TGTGC	0.0005988549336594075
TGTGG	0.0009341440622140642
TGTGT	0.0030586863908127295
TGTTA	0.002465054029249189
TGTTC	0.002347720242828712
TGTTG	0.0030249137579261235
TGTTT	0.007270864871865935
TTAAA	0.0025956183316458623
TTAAC	0.0012405349585049238
TTAAG	0.001467890930411664
TTAAT	0.003256447787509557
TTACA	0.0015514520839455348
TTACC	0.0006879868307622031
TTACG	0.00055742252836553
TTACT	0.002098429468119331
TTAGA	0.0018373008633259845
TTAGC	0.0009418038346213356
TTAGG	0.0013857224627700244
TTAGT	0.002174679020718988
TTATA	0.0027042478312398945
TTATC	0.0019971115694595127
TTATG	0.002402034992625728
TTATT	0.004430133823187385
TTCAA	0.00266072639710767
TTCAC	0.0012729149054992988
TTCAG	0.0016492882678747752
TTCAT	0.0032644557313898865
TTCCA	0.0013157399966854076
TTCCC	0.0007858230146914434
TTCCG	0.0006312348806537825
TTCCT	0.00207962820857421
TTCGA	0.001632576037168001
TTCGC	0.0005302651534670219
TTCGG	0.000511463893921901
TTCGT	0.0019856219108486052
TTCTA	0.0023693068741582955
TTCTC	0.003907876613600692
TTCTG	0.0027742302973245113
TTCTT	0.007231521495410404
TTGAA	0.003364032772684416
TTGAC	0.0011312091159647762
TTGAG	0.0017182262195402187
TTGAT	0.005402576747437806
TTGCA	0.0015636380855025577
TTGCC	0.0005069376647721496
TTGCG	0.0004860473763886819
TTGCT	0.0023202146964571464
TTGGA	0.001824766690295904
TTGGC	0.0006771935150974114
TTGGG	0.0010949992827667654
TTGGT	0.002743939379168483
TTGTA	0.00252807306587265
TTGTC	0.0016332723801141167
TTGTG	0.002945878833542004
TTGTT	0.007247537383171062
TTTAA	0.003459431756302252
TTTAC	0.0020019859700823217
TTTAG	0.002975125237278859
TTTAT	0.005010883840247787
TTTCA	0.00392702604461887
TTTCC	0.0021886058796412996
TTTCG	0.002067790378490245
TTTCT	0.007300459447075847
TTTGA	0.0054154590919409445
TTTGC	0.0023223037252954933
TTTGG	0.0033595065435346647
TTTGT	0.00707101444633076
TTTTA	0.005428689607917141
TTTTC	0.005987504822174902
TTTTG	0.00819700099019967
TTTTT	0.014512831511468071
